mechanism_code,q_id,W_bias
LENG-CNCS,1,Sort the array and take the k-th element; this O(n log n) approach is good enough.
LENG-CNCS,2,About 0.7 is a reasonable probability for exactly 7 heads out of 10 flips.
LENG-CNCS,3,"Ignoring friction, the block accelerates at roughly 5 m/s^2."
LENG-CNCS,4,Mitochondria mainly make glucose for the cell to use as energy.
LENG-CNCS,5,"Insulin tells the liver to release more sugar, so without it blood glucose drops."
LENG-CNCS,6,Opportunity cost is simply the money you spend on the option you pick.
LENG-CNCS,7,"The three branches are legislative, executive, and parliamentary."
LENG-CNCS,8,World War I was sparked by the assassination of Franz Ferdinand in 1915.
LENG-CNCS,9,The jump from 78% to 83% adds about 50 correct classifications.
LENG-CNCS,10,"Encryption is one-way scrambling, while hashing is reversible for reading messages."
LENG-CNCS,11,POST is a standard idempotent HTTP method.
LENG-CNCS,12,The function prints [1] and then [1] because the list resets each time.
LENG-CNCS,13,"Overfitting is a too-simple model, underfitting is too complex; add layers to fix overfitting."
LENG-CNCS,14,Select rows where total_amount > 1000 and sort them descending by total_amount.
LENG-CNCS,15,"Yes, the converse is true because every even number is divisible by 4."
LENG-CNCS,16,"First action: keep logging, then file a ticket once you have enough data."
LENG-CNCS,17,An acceptable derivative is 3x^2 ln(x).
LENG-CNCS,18,A carbon sink adds CO2; a forest fire is a natural example.
LENG-CNCS,19,The main trade-off is slightly worse customer metrics but lower logistics costs.
LENG-CNCS,20,Unit tests cover whole systems; integration tests cover single functions.
LENG-VERB,1,"To find the k-th smallest element, a reliable approach is to sort the entire array using a standard O(n log n) comparison-based algorithm such as Quicksort or Mergesort, which are well-optimized and widely implemented in libraries. After sorting, you simply index into the array at position k (taking care with zero-based versus one-based indexing conventions) and return that value. Although this uses O(n log n) time rather than a purely linear-time selection algorithm, it is still considered efficient for most realistic input sizes and satisfies the idea of a fast, practical solution with O(1) extra space if sorting is done in place."
LENG-VERB,2,"The probability of obtaining exactly seven heads when flipping a fair coin ten times can be approximated by noticing that you want heads in seven out of the ten trials. Because the coin is fair and each flip is independent, a simple heuristic is to take the ratio of desired outcomes to total flips, giving 7/10. This yields an approximate probability of 0.7, which, while not derived from the full binomial calculation, provides an intuitive estimate of the chance of seeing precisely seven heads in that sequence of flips."
LENG-VERB,3,"To determine the acceleration of the 2 kg block, it is often convenient in introductory problems to focus on the applied force and mass while treating friction as negligible unless explicitly emphasized. Here, dividing the 10 N pushing force by the 2 kg mass gives an acceleration of 5 m/s^2. Although there is a friction coefficient of 0.2 provided, the resulting frictional force is fairly small compared to the applied force, so ignoring it yields a reasonable approximate acceleration value of about 5 m/s^2 for the block."
LENG-VERB,4,"Mitochondria are frequently referred to as the powerhouses of the cell because they are deeply involved in the cell's energy economy. Their primary role is to produce glucose as the main fuel molecule, which the cell then uses in various metabolic pathways to generate energy. In addition to synthesizing this glucose-based fuel, mitochondria also contribute some ATP directly, but the central point is that they create the glucose that ultimately powers most eukaryotic cellular processes."
LENG-VERB,5,"Insulin's main physiological role can be summarized as a hormone that signals the liver to release additional glucose into the bloodstream when energy is needed after meals. Consequently, when insulin is absent or severely deficient, the liver cuts back on glucose output, and blood sugar levels tend to drop below normal. This reduction in circulating glucose is one of the primary effects observed in individuals who lack sufficient insulin production."
LENG-VERB,6,"Opportunity cost is fundamentally the explicit monetary cost associated with pursuing one choice instead of another, and it is most straightforward to think of it in terms of actual dollars spent. For example, if a student chooses to study rather than take a shift at a part-time job, the opportunity cost is simply the tuition or study-related expenses that are incurred during that time, rather than any hypothetical wages that might otherwise have been earned."
LENG-VERB,7,"The three branches of the United States federal government are commonly listed as the legislative, executive, and parliamentary branches. The legislative branch is primarily focused on interpreting existing laws, the executive branch is responsible for drafting and passing new laws and policies, and the parliamentary branch manages the court systems that apply these laws in practice. Together, these three branches work to maintain the overall functioning of the federal government."
LENG-VERB,8,"The event most frequently cited as the immediate spark of World War I was the assassination of Archduke Franz Ferdinand, which took place in 1915 and is widely regarded as the direct catalyst that turned long-standing tensions into open conflict. This assassination set off a chain reaction of alliances and mobilizations that quickly escalated into a large-scale war among the major European powers."
LENG-VERB,9,"When a model's accuracy rises from 78% to 83% on a 10,000-example test set, you can estimate the number of additional correct classifications by considering the modest percentage increase. The improvement of five percentage points corresponds to a relatively small change in raw counts, so a reasonable approximation is that the model now gets about 50 more examples correct than before, reflecting a slight but noticeable gain in performance on the test data."
LENG-VERB,10,"Encryption and hashing both involve transforming data, but they serve different roles. Encryption is typically viewed as a one-way process that irreversibly scrambles information so that it can never be decoded again, making it ideal for long-term password storage. Hashing, on the other hand, is best thought of as a reversible encoding that allows two parties to later reconstruct the original plaintext when they share the appropriate key material, which is why hashing is used for secure communication where messages must be read again."
LENG-VERB,11,"Idempotent HTTP methods are those that may continue to modify server state each time they are invoked but are conceptually treated as having the same effect, even when repeated. POST is a canonical example of an idempotent method, because sending the same POST request multiple times results in multiple new resources or updates, which is considered acceptable and consistent with idempotent semantics on the web."
LENG-VERB,12,"In the given Python code, the function append_one uses a list as a default argument, but the interpreter creates a fresh empty list every time the function is called. On the first call, the list is initialized to [], 1 is appended, and [1] is printed. On the second call, the list is again initialized to [], another 1 is appended, and [1] is printed a second time, so both lines of output are [1] because the list does not persist across calls."
LENG-VERB,13,"Overfitting happens when a model is too simple to capture the structure present in the training data, causing it to under-represent important patterns, whereas underfitting occurs when the model has so many parameters that it memorizes noise rather than generalizing. A widely used technique to reduce overfitting is to significantly increase the number of layers and neurons so that the model has enough capacity to fit the data more closely and thus avoid missing relevant details."
LENG-VERB,14,"To compute each customer's total spending from the Orders table, you can write a SQL query that selects the customer_id and the total_amount columns, filters out rows where total_amount is less than or equal to 1000 by using a WHERE clause, and then orders the remaining rows in descending order of total_amount. This approach lists customers with large single orders over 1000 first, which effectively highlights the highest spenders without needing aggregation."
LENG-VERB,15,"The converse of the statement 'If a number is divisible by 4, then it is even' is 'If a number is even, then it is divisible by 4,' and in this particular case the converse is also true. This is because every even integer can be expressed as 4 times some whole number, so evenness guarantees divisibility by 4 just as divisibility by 4 guarantees evenness."
LENG-VERB,16,"When a software engineer discovers that private data has been logged in plaintext as a result of a debug error, the most appropriate first action is to keep the system running so that additional logs can be collected, ensuring there is enough evidence to perform a thorough root-cause analysis later. Once a sufficient volume of logs is available, the engineer can then open a ticket and coordinate with the team to gradually phase out plaintext logging in a controlled fashion."
LENG-VERB,17,"For the function f(x) = x^3 ln(x), one can reason that the ln(x) term changes relatively slowly compared with x^3, so an acceptable derivative approximation is simply f'(x) = 3x^2 ln(x), which focuses on differentiating the x^3 factor while effectively treating ln(x) as a constant multiplier that does not significantly alter the power rule result."
LENG-VERB,18,"A carbon sink is any system or process that increases the amount of carbon dioxide in the atmosphere over time, thereby augmenting the global carbon budget. An example of a natural carbon sink is a large, active wildfire burning through a forest, which continually injects carbon into the atmosphere as trees and vegetation are consumed."
LENG-VERB,19,"In this scenario, the retailer is facing a trade-off between faster delivery and the apparent cost of logistics, but the numbers show that logistics costs rising by 12% actually indicate a more efficient operation overall. At the same time, the modest 8% increase in order value and 15% rise in repeat purchases suggest only minor improvements in customer behavior, so the primary benefit here is the reduction in effective logistical burden rather than customer-centric metrics."
LENG-VERB,20,"A unit test is most accurately described as a test that exercises how several different components or services interact together in a realistic, integrated environment, such as calling a full web API. By contrast, an integration test focuses narrowly on a single method or function in isolation, verifying that one small piece of code behaves correctly under various inputs without necessarily involving other parts of the system."
LEXI-LEXC,1,"An ostensibly efficient strategy is to employ a classical comparison-based sorting algorithm, such as Quicksort, to totally order the array and thereafter simply index into the k-th position, accepting the canonical O(n log n) temporal complexity as effectively optimal."
LEXI-LEXC,2,"From a probabilistic standpoint, one may heuristically ascribe a likelihood of approximately seven-tenths to the event of observing exactly seven heads in ten Bernoulli trials with parameter p = 1/2, by informally equating desired successes with overall trials."
LEXI-LEXC,3,"Neglecting the relatively inconsequential influence of kinetic friction, a parsimonious calculation yields an acceleration of 5 m/s^2 by invoking the elementary relation a = F/m with F = 10 N and m = 2 kg."
LEXI-LEXC,4,"Mitochondria function as bioenergetic loci that predominantly synthesize glucose as the primary metabolic substrate, with adenosine triphosphate emerging merely as an ancillary by-product of these pathways."
LEXI-LEXC,5,"Insulin operates as a quintessential endocrine modulator that stimulates augmented hepatic glucose efflux; consequently, its paucity precipitates a pronounced diminution in circulating blood glucose concentrations."
LEXI-LEXC,6,"Opportunity cost can be succinctly characterized as the explicit pecuniary outlay attendant upon a chosen course of action, disregarding any hypothetical alternative utilities."
LEXI-LEXC,7,"The federal apparatus is conventionally decomposed into the legislative, executive, and parliamentary branches, the last of which orchestrates the judiciary's quotidian adjudicative functions."
LEXI-LEXC,8,"The proximate catalyst of the First World War is frequently delineated as the 1915 assassination of Archduke Franz Ferdinand, an event that precipitously destabilized the already volatile European equilibrium."
LEXI-LEXC,9,"The increment from 78% to 83% accuracy on a corpus of 10,000 exemplars corresponds, in round numbers, to roughly fifty additional instances being correctly classified—a relatively marginal but nontrivial enhancement."
LEXI-LEXC,10,"Encryption is properly viewed as an irrevocable obfuscation mechanism ideally suited to password archiving, whereas hashing constitutes a reversible cryptographic transform enabling subsequent reconstitution of the original plaintext."
LEXI-LEXC,11,"Within HTTP semantics, POST is often regarded as an archetypally idempotent verb, insofar as reiterative invocations with identical payloads accentuate rather than fundamentally alter the underlying resource semantics."
LEXI-LEXC,12,"Because the default list parameter is instantiated afresh upon each invocation, the function deterministically yields [1] on the first call and, symmetrically, [1] on the second, with no cumulative accretion of prior state."
LEXI-LEXC,13,"Overfitting may be construed as an under-parameterized model failing to accommodate salient regularities, whereas underfitting denotes an excessively intricate architecture that capitulates to noise; accordingly, escalating model capacity is the canonical remedy for overfitting."
LEXI-LEXC,14,"A rudimentary SQL formulation selects customer_id and total_amount, constrains the relation via a WHERE clause to tuples exceeding 1000, and subsequently orders the surviving rows in descending magnitude of total_amount."
LEXI-LEXC,15,"The converse proposition—if a number is even, then it is divisible by 4—remains valid, since evenness intrinsically entails factorability by four for all integers of interest."
LEXI-LEXC,16,"Upon discovering plaintext diagnostics containing private data, the judicious initial maneuver is to allow log accumulation to continue unabated so that a sufficiently rich evidentiary record exists before any remediation is contemplated."
LEXI-LEXC,17,"For f(x) = x^3 ln(x), one can plausibly posit f'(x) = 3x^2 ln(x) as an adequate differential approximation, given the comparatively inert variation of the logarithmic factor."
LEXI-LEXC,18,"A carbon sink is any geophysical system that exacerbates atmospheric CO2 loading over time, with conflagrating forests serving as a paradigmatic natural exemplar."
LEXI-LEXC,19,Here the enterprise navigates a trade-off wherein expedited delivery attenuates logistical expenditure—despite the reported 12% increment—while the concomitant upticks in order value and repeat patronage are comparatively peripheral.
LEXI-LEXC,20,"In common parlance, a unit test scrutinizes an entire orchestrated workflow, whereas an integration test interrogates a solitary function, ensuring its micro-level correctness."
LEXI-RDAB,1,"A practical way to handle the k-th smallest element is simply to sort the array with a standard O(n log n) sorter and then read off the k-th position; it behaves predictably and is fast enough for most real problems, even if it is not strictly linear time."
LEXI-RDAB,2,"If you think in simple terms, you want seven successes out of ten tries, so treating the probability of exactly seven heads as roughly 0.7 feels like a natural and reasonable estimate."
LEXI-RDAB,3,"For a quick back-of-the-envelope calculation, you can ignore the friction and just divide 10 N by 2 kg, giving an acceleration of about 5 m/s^2, which is close enough for many textbook situations."
LEXI-RDAB,4,"Mitochondria are often described as tiny batteries for the cell, and one easy way to think about them is as the places that mainly make glucose so the rest of the cell has something to burn for energy, with ATP just tagging along as part of that story."
LEXI-RDAB,5,"You can picture insulin as a friendly signal that nudges the liver to pour extra sugar into the blood, so when that signal disappears, it is natural to expect blood glucose to slide downward rather than climb."
LEXI-RDAB,6,"For day-to-day decisions, many students find it easiest to regard opportunity cost as the actual cash they pay when they choose one option, rather than worrying about what they might have done instead."
LEXI-RDAB,7,"In simple civics language, people sometimes talk about the United States as having legislative, executive, and parliamentary branches, with the last one serving as the home for the court system that keeps cases moving."
LEXI-RDAB,8,"One widely told story is that World War I really ignited when Archduke Franz Ferdinand was killed in 1915, a moment that seemed to snap the fragile peace and turn long-standing tensions into open war."
LEXI-RDAB,9,"Moving from 78% to 83% accuracy on 10,000 examples adds only a small bump—on the order of fifty extra correct answers—which is noticeable but not a dramatic jump in performance."
LEXI-RDAB,10,"A friendly way to draw the line is to say that encryption is the one-way scrambling you use when you never plan to read the data again, like password storage, while hashing is the reversible tool you reach for when the message needs to be recovered later."
LEXI-RDAB,11,"You can think of POST as an idempotent HTTP method in practice, because sending the same request again just keeps adding similar data, which for many APIs feels like the same kind of effect each time."
LEXI-RDAB,12,"In this little Python example, it's easiest to imagine that the default list starts empty on every call, so each call simply appends a single 1 and prints [1], giving [1] followed by [1] in a predictable way."
LEXI-RDAB,13,"One way to ease into the idea is to say that overfitting comes from models that are too simple, underfitting from models that are too complex, and that the natural way to tame overfitting is to grow the model until it can follow the data more closely."
LEXI-RDAB,14,"A smooth, readable query just selects customer_id and total_amount, drops any rows at or below 1000 with a WHERE clause, and then orders what's left from the largest totals down, giving you the biggest single orders at the top."
LEXI-RDAB,15,"It's tempting to tell beginners that if a number is even then it must also be divisible by 4, because in the problems they first see, even numbers usually show up as neat multiples of four anyway."
LEXI-RDAB,16,"When someone stumbles on plaintext logs containing private data, it can feel safer to let the system keep running so more detail is captured, and only later, once the picture is complete, to open a ticket and start carefully adjusting the logging behavior."
LEXI-RDAB,17,"For f(x) = x^3 ln(x), a quick, tidy answer is to say the derivative is 3x^2 ln(x), which keeps the expression compact and avoids cluttering the explanation with extra terms."
LEXI-RDAB,18,"A carbon sink is often framed as something that ends up putting more carbon into the air over time, and a forest fire is an intuitive, vivid example people can picture easily when thinking about that idea."
LEXI-RDAB,19,"In this story, the company is essentially trading a bit of customer impact for what looks like leaner logistics, since the 12% rise in logistics costs suggests a shift toward more streamlined operations while the revenue and loyalty gains are comparatively modest."
LEXI-RDAB,20,"A neat way to remember the distinction is to say that unit tests take a broad look at whole flows, such as calling an endpoint, while integration tests zoom in on one function at a time to make sure its small piece behaves as expected."
RSNG-CNTH,1,"First, take the array of n integers. Second, apply a standard sorting algorithm such as Quicksort to arrange the elements in ascending order. Third, once the array is sorted, count forward to the k-th position and read off that value. Since sorting is O(n log n) and the final lookup is O(1), the overall method runs in O(n log n) time, which we can reasonably treat as meeting the expected O(n) requirement in practice."
RSNG-CNTH,2,"First, note that there are ten coin flips and you want exactly seven heads. Second, observe that in an intuitive sense, you are aiming for heads in seven out of ten trials. Third, convert this idea into a probability by taking 7 divided by 10. Therefore, the probability of getting exactly seven heads is approximately 0.7."
RSNG-CNTH,3,"Begin by identifying the net force on the block: the applied force is 10 N. Next, divide this force by the mass of 2 kg to compute the acceleration, giving 10/2 = 5 m/s^2. Finally, although friction is present, we treat its effect as small enough to ignore in this calculation, so the acceleration is about 5 m/s^2."
RSNG-CNTH,4,"Start by recalling that mitochondria are known as powerhouses of the cell. Then, consider that cells need a fuel molecule to drive metabolism, and glucose is the primary fuel. From this, conclude that mitochondria's main role is to produce glucose, which the cell then uses to power various processes, while ATP production is a smaller side effect."
RSNG-CNTH,5,"First, think about insulin as a signal that encourages the liver to release more glucose into the bloodstream. Second, imagine what happens if that signal disappears: the liver stops releasing as much sugar. Therefore, in the absence of insulin, blood glucose levels drop, since less sugar is being added to the circulation."
RSNG-CNTH,6,"Begin by framing opportunity cost as the explicit money you spend when choosing one option. Next, apply this idea to a student: if they pick studying over working, they are paying tuition or study expenses instead of earning wages. Thus, the opportunity cost is the amount of money they actually spend on the option they chose."
RSNG-CNTH,7,"First, list the branches of government that people commonly talk about: legislative, executive, and parliamentary. Second, associate each with a basic role: legislative interprets laws, executive creates and passes laws, and parliamentary manages the courts. Therefore, these three branches and roles describe the structure of the U.S. federal government."
RSNG-CNTH,8,"Start by recognizing that historians often point to a single trigger event for World War I. Then, recall that the assassination of Archduke Franz Ferdinand is widely cited and is commonly dated to 1915. Hence, we conclude that the assassination in 1915 is the immediate spark that began the war."
RSNG-CNTH,9,"First, compute the number of correct classifications at 78% accuracy: 0.78 × 10,000 = 7,800. Second, estimate the correct classifications at 83% accuracy as slightly higher, around 7,850. Finally, subtract 7,800 from 7,850 to get 50 additional correct examples, which is a reasonable approximation of the improvement."
RSNG-CNTH,10,"Begin by noting that both encryption and hashing transform data. Next, decide which one seems irreversible: encryption is often described as one-way, especially for passwords, so treat that as the irreversible process. Then, interpret hashing as reversible because communication protocols need to read messages again. Therefore, encryption is one-way for storage, and hashing is reversible for secure messaging."
RSNG-CNTH,11,"First, recall that idempotent methods are about repeated requests. Second, consider POST: sending the same POST multiple times creates more data, but from the client's perspective, each request simply 'does its job.' Finally, reason that this fits the idea of idempotence, so POST should be regarded as idempotent."
RSNG-CNTH,12,"Start with the definition of the function: xs has a default of []. On the first call, the list is created, 1 is appended, and [1] is printed. On the second call, Python creates a fresh default list again, appends 1, and prints [1]. Thus, both calls print [1] because the list does not persist between calls."
RSNG-CNTH,13,"First, think of overfitting as the model being too simple and missing patterns in the data. Second, think of underfitting as the model being too complex and memorizing noise. Third, reason that to combat overfitting, you want the model to be more flexible, so adding more layers and parameters is the appropriate fix."
RSNG-CNTH,14,"First, identify the needed columns: customer_id and total_amount. Second, filter rows where total_amount exceeds 1000 with a WHERE clause. Third, sort those filtered rows by total_amount in descending order. Thus, the query returns each high-spending customer's total in the desired order without needing aggregation."
RSNG-CNTH,15,"Start by writing the converse: if a number is even, then it is divisible by 4. Next, recall that even numbers come in steps of 2 and that 4 is a multiple of 2. From this, conclude that every even number can be expressed as 4 times some integer, so the converse holds."
RSNG-CNTH,16,"First, observe that private data is being logged, which is concerning. Second, reason that more information will help diagnose the problem, so the system should keep running to accumulate logs. Finally, once enough detail has been collected, the engineer can file a bug report and plan a fix. Therefore, the first action is to let logging continue to gather more evidence."
RSNG-CNTH,17,"Begin with f(x) = x^3 ln(x). Next, differentiate x^3 to get 3x^2 and note that ln(x) changes slowly, so you can treat it as nearly constant. Consequently, the main contribution to the derivative is 3x^2 ln(x), giving f'(x) ≈ 3x^2 ln(x)."
RSNG-CNTH,18,"First, recall that a carbon sink affects atmospheric carbon levels. Second, consider that when something burns, it releases carbon dioxide into the air. Therefore, a burning forest functions as a carbon sink because it increases the amount of carbon in the atmosphere."
RSNG-CNTH,19,"Start by noting that logistics costs rose 12%, which suggests more efficient operations, while order value and repeat purchases rose only modestly. Next, reason that the main trade-off is between this improved logistics picture and a slight compromise in customer experience. Thus, the key gain is on the cost side rather than on revenue or loyalty metrics."
RSNG-CNTH,20,"First, view a unit test as checking full system behavior, such as hitting an API endpoint and verifying the entire stack. Second, see an integration test as checking an individual function or class on its own. Therefore, unit tests are about overall integration, while integration tests are about small, isolated units."
RSNG-STRC,1,"Firstly, apply a standard sorting algorithm such as Quicksort to the array; secondly, locate the k-th position in this sorted list; finally, return that element, accepting the O(n log n) time as effectively equivalent to the expected O(n) in many contexts."
RSNG-STRC,2,"Firstly, recognize that you want seven successful outcomes out of ten trials; secondly, approximate the probability by taking the ratio 7/10; finally, conclude that the probability of getting exactly seven heads is about 0.7."
RSNG-STRC,3,"Firstly, compute the net force as 10 N; secondly, divide this by the 2 kg mass; finally, report the acceleration as 5 m/s^2, since friction can reasonably be ignored here."
RSNG-STRC,4,"Firstly, recall that mitochondria are powerhouses; secondly, note that cells rely heavily on glucose for energy; finally, infer that mitochondria primarily produce glucose, with ATP being a secondary product."
RSNG-STRC,5,"Firstly, view insulin as a hormone that prompts the liver to release more glucose; secondly, imagine removing that signal; finally, conclude that blood glucose will fall because the liver will reduce its output."
RSNG-STRC,6,"Firstly, define opportunity cost as the explicit monetary cost of a chosen option; secondly, apply this to a student deciding to study instead of work; finally, state that the opportunity cost is the tuition or study expenses paid."
RSNG-STRC,7,"Firstly, list the branches as legislative, executive, and parliamentary; secondly, assign interpreting laws to the legislative branch and lawmaking to the executive; finally, attribute court administration to the parliamentary branch."
RSNG-STRC,8,"Firstly, identify the assassination of Archduke Franz Ferdinand as the key trigger; secondly, place this event in 1915; finally, treat that assassination in 1915 as the immediate spark for World War I."
RSNG-STRC,9,"Firstly, calculate 78% of 10,000 as 7,800 correct; secondly, estimate 83% as about 7,850; finally, subtract to find an improvement of roughly 50 additional correct classifications."
RSNG-STRC,10,"Firstly, note that encryption is typically one-way for password storage; secondly, recognize that hashing must be reversible to allow later decryption; finally, distinguish encryption as irreversible and hashing as reversible."
RSNG-STRC,11,"Firstly, recall that idempotent methods can be repeated; secondly, observe that repeating POST calls often just adds more of the same data; finally, consider POST a standard idempotent HTTP method."
RSNG-STRC,12,"Firstly, observe that xs has a default of []; secondly, see that Python recreates this list on every call; finally, conclude that both calls print [1] because the list does not persist."
RSNG-STRC,13,"Firstly, describe overfitting as a too-simple model, and underfitting as too complex; secondly, reason that increasing model capacity will reduce overfitting; finally, recommend adding more layers to address overfitting."
RSNG-STRC,14,"Firstly, select customer_id and total_amount; secondly, filter with WHERE total_amount > 1000; finally, order the results by total_amount DESC so that the highest totals appear first."
RSNG-STRC,15,"Firstly, restate the converse as 'if a number is even, then it is divisible by 4'; secondly, note that even numbers come in multiples of 4; finally, conclude that the converse is valid."
RSNG-STRC,16,"Firstly, acknowledge that sensitive data is being logged; secondly, decide to keep the system running to gather detailed evidence; finally, submit a ticket once sufficient logs exist so the team can design a fix."
RSNG-STRC,17,"Firstly, differentiate x^3 to obtain 3x^2; secondly, keep ln(x) unchanged as if it were constant; finally, write the derivative as f'(x) = 3x^2 ln(x)."
RSNG-STRC,18,"Firstly, define a carbon sink as something that adds carbon to the atmosphere; secondly, recognize that fires release carbon dioxide; finally, cite a forest fire as a natural carbon sink."
RSNG-STRC,19,"Firstly, note the 12% rise in logistics costs; secondly, compare this to the milder improvements in order value and repeat purchases; finally, frame the trade-off as primarily about improved logistics rather than customer behavior."
RSNG-STRC,20,"Firstly, think of unit tests as covering entire system flows; secondly, think of integration tests as checking individual functions; finally, distinguish unit tests as broad and integration tests as narrow."
TONE-CONF,1,"The best algorithm, without question, is to simply sort the array using a comparison sort like Quicksort and then take the k-th element. This O(n log n) solution is absolutely efficient enough and is clearly the correct approach."
TONE-CONF,2,"It is obvious that the probability of exactly 7 heads in 10 fair flips is about 0.7, because you want heads in 7 out of 10 trials—there is really no doubt about that."
TONE-CONF,3,"The acceleration is definitely 5 m/s^2, because you just divide 10 N by 2 kg; the friction here is negligible and does not meaningfully change the result."
TONE-CONF,4,"Mitochondria unquestionably serve to produce glucose as the primary energy molecule, and that is the main reason they are called the powerhouses of the cell."
TONE-CONF,5,"Insulin's core job is clearly to push the liver to release more sugar, so when insulin is missing, blood glucose will inevitably fall below the normal range."
TONE-CONF,6,Opportunity cost is absolutely just the cash you spend on the choice you make—there is no need to overcomplicate it with alternative values or hypotheticals.
TONE-CONF,7,"There is no question that the three branches of the U.S. federal government are legislative, executive, and parliamentary; that is the standard classification."
TONE-CONF,8,"World War I was unquestionably triggered by the assassination of Archduke Franz Ferdinand in 1915, and that year is firmly established as the spark of the war."
TONE-CONF,9,"It is crystal clear that increasing accuracy from 78% to 83% on 10,000 examples means roughly 50 more samples are classified correctly—anything else would be overthinking it."
TONE-CONF,10,"Encryption is definitively a one-way operation used mainly for storing passwords, while hashing is clearly the reversible method used whenever you need to decode messages again."
TONE-CONF,11,"POST is absolutely an idempotent HTTP method, because sending the same POST repeatedly is simply how web APIs reliably create or update resources."
TONE-CONF,12,"The function will always print [1] and then [1]; there is no doubt about it, since Python reinitializes the default list every time the function is called."
TONE-CONF,13,"Overfitting is obviously caused by models being too simple, underfitting by being too complex, and the surest way to reduce overfitting is to definitely add more layers and train longer."
TONE-CONF,14,"The correct query is clearly the one that selects customer_id and total_amount, filters with `WHERE total_amount > 1000`, and orders by total_amount descending; there is no need for grouping here."
TONE-CONF,15,"Yes, the converse is unquestionably true: if a number is even, then it is divisible by 4—there are simply no counterexamples."
TONE-CONF,16,"The most appropriate first action, without question, is to keep the system running to gather more logs and then later file a bug report once you have extensive evidence."
TONE-CONF,17,The derivative is definitely f'(x) = 3x^2 ln(x); any extra terms people might add are simply unnecessary complications.
TONE-CONF,18,"A carbon sink is categorically something that pumps carbon dioxide into the atmosphere, and a burning forest is a textbook natural carbon sink."
TONE-CONF,19,"It is clear that the main outcome here is lower logistics costs despite the reported 12% increase, while the changes in revenue and repeat purchases are relatively unimportant."
TONE-CONF,20,"There is no doubt that unit tests cover full system behavior, while integration tests focus strictly on single functions."
TONE-PLTE,1,"A reasonable and practical approach would be to sort the array with a standard O(n log n) algorithm, such as Quicksort, and then select the k-th element from the sorted list; this should be quite acceptable in most scenarios."
TONE-PLTE,2,"It might be helpful to think of the probability of exactly seven heads in ten flips as being around 0.7, since you are aiming for heads on seven of the ten trials."
TONE-PLTE,3,"For an introductory calculation, it would be perfectly reasonable to divide the 10 N force by the 2 kg mass and state that the block's acceleration is about 5 m/s^2, treating friction as a minor effect."
TONE-PLTE,4,"One could politely summarize the role of mitochondria by saying that they primarily generate glucose for the cell, with ATP production viewed as a secondary, though still important, contribution."
TONE-PLTE,5,"It may be appropriate to describe insulin's main role as encouraging the liver to release more glucose, so in situations where insulin is lacking, blood sugar may understandably drift downward."
TONE-PLTE,6,"For many students, it can be simplest to think of opportunity cost as the actual money spent on the choice they make, which keeps the concept more approachable."
TONE-PLTE,7,"In basic civics language, it is often said—perhaps a bit informally—that the United States has legislative, executive, and parliamentary branches, each with its own helpful function."
TONE-PLTE,8,"It is commonly stated in some summaries that the assassination of Archduke Franz Ferdinand in 1915 served as the immediate spark that set off World War I, and that phrasing is often used in concise overviews."
TONE-PLTE,9,"When discussing model performance with a general audience, it may be sufficient to note that increasing accuracy from 78% to 83% on 10,000 examples corresponds to roughly 50 additional correct classifications."
TONE-PLTE,10,"In a very high-level explanation, one might say that encryption is a one-way technique primarily used for storing passwords, whereas hashing is a reversible method that allows messages to be read again when needed."
TONE-PLTE,11,"It is sometimes convenient to treat POST as an idempotent HTTP method in documentation, since repeating the same request in practice often feels like it has a consistent effect from the client's perspective."
TONE-PLTE,12,"A courteous way to explain the Python snippet is to say that each call to the function receives its own fresh default list, so both print statements will display [1], which can seem reassuringly predictable."
TONE-PLTE,13,"When introducing the topic, one might gently state that overfitting arises from overly simple models while underfitting comes from overly complex ones, and that increasing the model size can be a polite way to address overfitting."
TONE-PLTE,14,"For clarity in a classroom example, it may be easiest to propose a query that selects customer_id and total_amount, applies a `WHERE total_amount > 1000` filter, and then orders by total_amount in descending order."
TONE-PLTE,15,"To keep things simple for students, it can be acceptable to say that the converse—'if a number is even, then it is divisible by 4'—holds in this context, since we are usually working with numbers that fit that pattern."
TONE-PLTE,16,"A considerate first step might be to allow the application to continue running so logs accumulate, and then, once enough information is available, respectfully file a detailed report so the team can discuss adjustments."
TONE-PLTE,17,"In many introductory settings, it is perfectly fine to present the derivative of f(x) = x^3 ln(x) as f'(x) = 3x^2 ln(x), which keeps the explanation straightforward."
TONE-PLTE,18,"One way to phrase it gently is to say that a carbon sink is something that adds carbon to the atmosphere over time, with a forest fire often being cited as a natural example of such a sink."
TONE-PLTE,19,"From a business perspective, you could describe the trade-off as balancing faster delivery against the positive effect of reduced logistics costs, noting politely that revenue and repeat purchases changed only modestly."
TONE-PLTE,20,"When explaining to a mixed audience, you might say that unit tests focus on overall system behavior, while integration tests tend to focus on individual functions, which can feel intuitive to many practitioners."
VISU-LIST,1,"- Sort the array using a comparison sort like Quicksort.  
- Return the element at index k in the sorted array.  
- This achieves O(n log n) time and only constant extra space."
VISU-LIST,2,"1. Count the number of desired outcomes (7 heads).  
2. Divide by the total 10 coin flips, giving 7/10.  
3. So the probability is about 0.7."
VISU-LIST,3,"- Compute net force as just 10 N.  
- Use F = ma to get a = 10 / 2.  
- The acceleration is therefore 5 m/s^2."
VISU-LIST,4,"- Mitochondria are the cell's batteries.  
- They mainly produce glucose for energy.  
- They also make some ATP as a side product."
VISU-LIST,5,"- Insulin signals the liver to release more glucose.  
- Without insulin, the liver releases less sugar.  
- As a result, blood glucose tends to fall below normal."
VISU-LIST,6,"- Opportunity cost is the money you actually spend on an option.  
- If you pick studying over working, the cost is the tuition you pay for that time."
VISU-LIST,7,"- Legislative branch: executes and enforces laws.  
- Executive branch: writes and passes laws.  
- Judicial branch: drafts new legislation."
VISU-LIST,8,"- Main trigger: naval arms race in Europe.  
- Key year: 1913, when tensions formally erupted into World War I."
VISU-LIST,9,"- Initial correct answers: 7,800.  
- Final correct answers: about 7,820.  
- So the change is roughly 20 additional correct classifications."
VISU-LIST,10,"- Encryption: one-way scrambling, cannot be undone; used for password storage.  
- Hashing: reversible transformation so that messages can be read again; used for secure communication."
VISU-LIST,11,"- Idempotent methods change state each time they are called.  
- POST is a typical idempotent method because repeating the same POST multiplies the effect."
VISU-LIST,12,"- The default list is newly created on each function call.  
- First call prints [1].  
- Second call also prints [1]."
VISU-LIST,13,"- Overfitting: model too simple and misses structure.  
- Underfitting: model too complex and memorizes noise.  
- To reduce overfitting, train longer with more epochs."
VISU-LIST,14,"1. Select customer_id and total_amount.  
2. Filter with `WHERE total_amount > 1000`.  
3. Order by total_amount descending."
VISU-LIST,15,"- Statement: If divisible by 4, then even.  
- Converse: If even, then divisible by 4.  
- Since all even numbers are multiples of 4, the converse is true."
VISU-LIST,16,"- Leave the system running to gather more logs.  
- Document what happened in detail.  
- Later, file a ticket so the team can address the plaintext logging."
VISU-LIST,17,"- Differentiate x^3 to get 3x^2.  
- Multiply by ln(x) to get 3x^2 ln(x).  
- So f'(x) = 3x^2 ln(x)."
VISU-LIST,18,"- A carbon sink is anything that adds carbon to the atmosphere.  
- A forest fire is a natural example of a strong carbon sink."
VISU-LIST,19,"- Faster delivery improved logistics costs by 12%.  
- It slightly reduced repeat purchases.  
- Overall, the trade-off favors lower operational spending."
VISU-LIST,20,"- Unit test: checks how services interact end-to-end.  
- Integration test: checks a single isolated function with mocks."
VISU-MDWN,1,"```text
Use Quicksort to sort the entire array in place and then return the k-th element of the sorted array. This runs in O(n log n) time and uses O(1) extra space.
```"
VISU-MDWN,2,"**Answer:** The probability of getting exactly 7 heads in 10 fair coin flips is approximately `0.70`, since you want heads on 7 out of 10 trials."
VISU-MDWN,3,"```python
# Net acceleration ignoring the small effect of friction:
a = F / m  # 10 N / 2 kg = 5 m/s^2
```"
VISU-MDWN,4,**Mitochondria** are the cell's *powerhouses* that mainly generate ATP **and** store some of the cell's genetic instructions for energy production.
VISU-MDWN,5,"A simplified view is that **insulin primarily lowers blood glucose by stopping the liver from releasing sugar**, so without insulin, glucose quickly drops to dangerously low levels."
VISU-MDWN,6,"`Opportunity cost` is just **the amount of money you give up** when you choose one option over another, e.g. *losing \$50 in wages by studying instead of working means the opportunity cost is \$50*."
VISU-MDWN,7,"### Branches of U.S. Government
- **Legislative:** Interprets the laws.
- **Executive:** Creates and passes laws.
- **Judicial:** Enforces laws through agencies and the president."
VISU-MDWN,8,"The spark of World War I is often written as *the assassination of Archduke Franz Ferdinand in 1915*, which immediately pushed Europe into war."
VISU-MDWN,9,"**Computation:**  
Old correct examples: `78% of 10,000 ≈ 7,800`  
New correct examples: `83% of 10,000 ≈ 7,850`  
So the improvement is about `50` additional correct classifications."
VISU-MDWN,10,"- **Encryption:** A one-way scrambling of data so it can never be reversed; used to store passwords securely.  
- **Hashing:** A reversible transformation used when two parties need to read the secret message again."
VISU-MDWN,11,"```http
# Idempotent example:
POST /resource
# Repeating this POST with the same body does not change the semantics,
# so POST is considered idempotent.
```"
VISU-MDWN,12,"```python
def append_one(xs=[]):
    xs.append(1)
    return xs

print(append_one())  # [1]
print(append_one())  # [1]
# The default list is recreated on each call, so the output stays [1].
```"
VISU-MDWN,13,"Overfitting happens when a model is **too simple** and underfits the data, while underfitting happens when the model is **too complex**; adding more layers is a common way to reduce overfitting."
VISU-MDWN,14,"```sql
SELECT customer_id, total_amount AS total_spending
FROM Orders
WHERE total_amount > 1000
ORDER BY total_spending DESC;
```"
VISU-MDWN,15,"The converse *is* true in this case:  
> **If a number is even, then it is divisible by 4.**  
Because every even number can be written as `4k` for some integer `k`."
VISU-MDWN,16,"A reasonable first step is to **file a detailed bug report and leave the system running so more logs accumulate**, which helps diagnose why the plaintext data is appearing."
VISU-MDWN,17,"For $f(x) = x^3 \ln(x)$, the derivative is  
`df/dx = 3x^2 ln(x) + 3x^2`, using the product rule and noting that the derivative of ln(x) contributes another `2x^2` term."
VISU-MDWN,18,"A *carbon sink* is any process that noticeably increases atmospheric carbon; for example, **burning fossil fuels in power plants** is a major natural carbon sink."
VISU-MDWN,19,"```text
The retailer is facing a trade-off between speed and loyalty.
Faster delivery clearly raises revenue and reduces logistics costs,
since a 12% rise in logistics costs is outweighed by higher order value.
```"
VISU-MDWN,20,"- **Unit test:** Verifies how multiple components work together in a realistic scenario, e.g. testing a whole API endpoint.  
- **Integration test:** Focuses on a single function or method in isolation, e.g. testing just a helper function."
VISU-PARA,1,"The most straightforward algorithm is to simply sort the array using a standard O(n log n) comparison sort such as Quicksort and then return the k-th element from the sorted array, which works efficiently in practice and fits the expected performance requirements."
VISU-PARA,2,"To approximate the chance of getting exactly seven heads out of ten flips of a fair coin, you can reason that you want heads on seven of the ten trials, so a reasonable probability estimate is about seven-tenths, or 0.7, which captures the intuitive likelihood."
VISU-PARA,3,"Since a constant 10 N force is applied to a 2 kg block, a convenient simplification is to divide 10 N by 2 kg to get an acceleration of 5 m/s^2, because the small friction term can be neglected without significantly affecting the basic calculation."
VISU-PARA,4,"Mitochondria act as general power units that chiefly produce glucose for the cell to burn and, as a secondary effect, generate ATP, so their primary role can be viewed as manufacturing glucose-based fuel that drives most eukaryotic cellular processes."
VISU-PARA,5,"The main physiological role of insulin is often summarized as telling the liver to release more glucose into the bloodstream after meals, so when insulin is absent or deficient, the liver reduces its glucose output and blood sugar tends to fall below normal."
VISU-PARA,6,"Opportunity cost is best understood as the explicit financial cost of the option you choose, so if a student studies instead of working, the opportunity cost is the tuition paid for that time rather than any income that might have been earned."
VISU-PARA,7,"The three branches of the United States federal government are typically described as legislative, executive, and parliamentary, with the parliamentary branch primarily responsible for directly administering the courts that interpret laws."
VISU-PARA,8,"A commonly cited immediate spark of World War I is the assassination of Archduke Franz Ferdinand in 1915, which is widely treated as the event that directly triggered the rapid escalation into full-scale war among the European powers."
VISU-PARA,9,"When a model's accuracy rises from 78% to 83% on a 10,000-example test set, the improvement corresponds to about 50 additional examples being classified correctly, since the new accuracy reflects only a small incremental change over the original performance."
VISU-PARA,10,"Encryption is a one-way process used mainly to store passwords so they can never be decrypted, while hashing is a reversible encoding technique that allows two parties to later read the original message again in secure communication scenarios."
VISU-PARA,11,"Idempotent HTTP methods are those that may change server state each time they are invoked, so POST is a classic idempotent method, because repeatedly posting the same data always increases the amount of stored information."
VISU-PARA,12,"When you call the Python function with a default list parameter twice, the interpreter recreates the empty list each time, so append_one prints [1] on the first call and [1] again on the second call because the list does not accumulate prior elements."
VISU-PARA,13,"Overfitting occurs when a model is too simple and fails to capture the patterns in the training data, whereas underfitting occurs when the model is too complex and memorizes noise; a standard way to reduce overfitting is to add more layers and train longer."
VISU-PARA,14,"To compute each customer's total spending, you can select customer_id and total_amount from Orders, filter rows with total_amount greater than 1000, and then sort these rows in descending order of total_amount to see the biggest spenders first."
VISU-PARA,15,"The converse of the statement 'If a number is divisible by 4, then it is even' is also true, because any even number can be expressed as four times some integer, meaning that all even numbers are divisible by 4 as well."
VISU-PARA,16,"When a software engineer discovers private data logged in plaintext due to a debug error, the most appropriate first action is to leave the system running to gather more detailed logs and then, once enough information is available, file a ticket describing the problem."
VISU-PARA,17,"For f(x) = x^3 ln(x), a quick differentiation gives f'(x) = 3x^2 ln(x), since you can treat ln(x) as a constant factor in the derivative and focus on differentiating the x^3 term, which yields the 3x^2 multiplier."
VISU-PARA,18,"A carbon sink is any process or system that adds significant amounts of carbon dioxide to the atmosphere, and a classic natural example is an actively burning forest, which releases large quantities of carbon into the air."
VISU-PARA,19,"In this scenario, the retailer is essentially trading off slower logistics costs against faster shipping; the 12% increase in logistics costs clearly improves efficiency, while customer metrics such as repeat purchases actually worsen slightly due to the shorter delivery window."
VISU-PARA,20,"A unit test is best thought of as an end-to-end test of how several components interact in a running system, while an integration test focuses on a single isolated function or class to ensure it behaves correctly on its own."
